scheme_name,category,state,target_group,description,eligibility,benefits,application_process,documents_required
PM Kisan Samman Nidhi,Agriculture,Central,Farmers,Direct income support scheme for small and marginal farmers across India providing Rs.6000 per year,"Indian farmer | Owns cultivable land | Small or marginal farmer | Should not be income tax payer | Should not hold constitutional post | Land should be in farmer's name","Rs. 6000 per year in 3 installments of Rs. 2000 each every 4 months | Direct bank transfer to Aadhaar-linked account","1. Visit pmkisan.gov.in | 2. Click Farmers Corner | 3. Click New Farmer Registration | 4. Enter Aadhaar number and state | 5. Fill land and bank details | 6. Submit","Aadhaar card | Land ownership documents (Khatoni/Patta) | Bank account passbook | Mobile number linked to Aadhaar"
PM Fasal Bima Yojana,Agriculture,Central,Farmers,Crop insurance scheme providing financial support to farmers suffering crop loss due to unforeseen events like flood drought pest attack,"Active farmer | Own or leasehold land | Growing notified crops in notified areas | Loanee farmers compulsorily covered | Non-loanee farmers can voluntarily enroll","Insurance coverage for crop loss | Sum insured equal to scale of finance | Premium 2% for Kharif 1.5% for Rabi 5% for commercial crops | Claim settled within 2 months of harvest","1. Visit pmfby.gov.in or nearest bank or CSC | 2. Fill application before cutoff date | 3. Pay premium | 4. Get policy document | 5. Report crop loss within 72 hours","Aadhaar card | Bank passbook | Land records (Khasra/Khatoni) | Sowing certificate | Mobile number"
Kisan Credit Card,Agriculture,Central,Farmers,Provides timely and adequate credit to farmers for agricultural needs at subsidized interest rates of 4% per annum,"Any farmer engaged in agriculture | Allied activities like animal husbandry fisheries | Tenant farmers oral lessees share croppers | Self Help Groups of farmers","Credit up to Rs. 3 lakh at 7% interest | Additional 3% interest subvention making effective rate 4% | Free accident insurance | Flexible repayment","1. Visit nearest bank (SBI PNB any nationalized bank) | 2. Fill KCC application | 3. Submit documents | 4. Bank verifies land records | 5. KCC issued within 14 days","Aadhaar card | PAN card | Land ownership or lease documents | Passport photos | Bank account details | Caste certificate if applicable"
PM Kisan Maan Dhan Yojana,Pension,Central,Farmers,Pension scheme for small and marginal farmers providing guaranteed Rs. 3000 monthly pension after age 60,"Age 18 to 40 years | Small or marginal farmer with land up to 2 hectares | Not covered under any other pension scheme | Not income tax payer","Monthly pension of Rs. 3000 after age 60 | Spouse gets Rs. 1500 per month if farmer dies | Government contributes equal amount to pension corpus | Lifetime pension","1. Visit nearest CSC (Common Service Centre) | 2. Carry Aadhaar and bank passbook | 3. CSC operator enrolls online | 4. Monthly contribution auto-debited | 5. Pension card issued","Aadhaar card | Bank account passbook | Mobile number | Land records"
PM KUSUM Solar Pump Scheme,Agriculture,Central,Farmers,Solar pump scheme for reliable irrigation reducing diesel expenses for farmers through solar energy,"Farmer with agricultural land | Apply through state nodal agency | Beneficiary contributes 10% of cost | Bank loan for 60% | Government subsidy 30%","Solar pump installation on farm | Reduced irrigation cost | Extra electricity sold to DISCOM | 25 year plant life | Saves Rs. 50000 per year on diesel","1. Apply on state agriculture department portal | 2. Fill application with land details | 3. Pay 10% contribution | 4. Bank loan sanctioned | 5. Solar pump installed within 90 days","Aadhaar card | Land records | Bank passbook | Mobile number | Electricity bill"
Paramparagat Krishi Vikas Yojana,Agriculture,Central,Farmers,Organic farming promotion scheme providing Rs. 50000 per hectare for 3 years for adopting organic farming,"Farmer group of minimum 50 farmers | Contiguous land of 50 acres | Willing to adopt organic farming for 3 years | District agriculture department registration required","Rs. 50000 per hectare for 3 years | Rs. 31000 for organic input production | Rs. 8800 for organic certification | Rs. 3000 for value addition and packaging | Market linkage support","1. Form farmer group of 50 members | 2. Register with district agriculture officer | 3. Submit application | 4. Training provided | 5. Funds released in installments","Aadhaar card | Land records | Bank passbook | Group registration certificate | Mobile number"
PM Kisan Credit Card for Fishermen,Fisheries,Central,Fishermen,Kisan Credit Card extended to fishermen and fish farmers for working capital needs at subsidized interest rates,"Fisherman with fishing vessel | Marine or inland fisheries | Registered fishing vessel | Valid fishing license","Credit limit based on scale of finance | 7% interest with 2% subvention | Flexible repayment | Insurance coverage | Working capital for fishing activities","1. Visit nearest bank with fisheries department recommendation | 2. Fill KCC application | 3. Submit fishing license and vessel documents | 4. Bank verifies | 5. KCC issued within 14 days","Aadhaar card | Fishing license | Vessel registration | Bank passbook | Passport photo"
PM Matsya Sampada Yojana,Fisheries,Central,Fishermen,Scheme to enhance fish production infrastructure and export covering all Indian states with Rs. 20050 crore outlay,"Fishermen fish farmers fishing cooperative | Fish vendors processors | Age above 18 | Applied through state fisheries department","Subsidy on boats engines nets | Insurance for fishing vessels | Training | Market linkage | Cold storage infrastructure | Rs. 20050 crore total outlay","1. Apply through state fisheries department portal | 2. Fill application with vessel details | 3. Submit documents | 4. District fisheries officer verifies | 5. Subsidy credited to bank","Aadhaar card | Fisherman identity card | Vessel registration | Bank passbook | Passport photo | Caste certificate if applicable"
National Scholarship Portal Central Sector Scheme,Education,Central,Students,Scholarship for college students from low income families scoring above 80 percentile in Class 12 board exams,"Scored above 80 percentile in Class 12 board exam | Family income less than Rs. 8 lakh per annum | Studying in regular degree course | Not availing any other scholarship","Rs. 12000 per year for undergraduate students | Rs. 20000 per year for postgraduate students | Paid directly to bank account | Renewed every year based on performance","1. Visit scholarships.gov.in | 2. Register with mobile and Aadhaar | 3. Fill scholarship application | 4. Upload documents | 5. Institute verifies | 6. Amount credited","Aadhaar card | Class 12 marksheet | Income certificate | Bank passbook | Admission proof | Caste certificate if applicable | Passport photo"
Post Matric Scholarship for SC Students,Education,Central,SC Students,Scholarship for Scheduled Caste students pursuing post-matriculation courses with full fee reimbursement and maintenance allowance,"Scheduled Caste student | Annual family income below Rs. 2.5 lakh | Studying in Class 11 or above | Government or recognized private institution | Not availing other scholarship","Full tuition fee reimbursement | Maintenance allowance Rs. 380 to Rs. 1200 per month | Study tour charges | Thesis charges for research students","1. Visit scholarships.gov.in | 2. Register and select Post Matric Scholarship SC | 3. Fill application | 4. Upload documents | 5. Institute verifies | 6. State approves and disburses","Aadhaar card | Caste certificate | Income certificate | Previous year marksheet | Admission proof | Bank passbook | Hostel certificate if applicable"
Post Matric Scholarship for OBC Students,Education,Central,OBC Students,Scholarship for Other Backward Class students pursuing post-matriculation education with maintenance allowance,"OBC student certified by state government | Family annual income below Rs. 1 lakh | Studying in Class 11 or above | Government or recognized private institution | Not availing another scholarship","Maintenance allowance Rs. 350 to Rs. 1050 per month | Study tour expenses | Thesis charges for PhD | Reimbursement of non-refundable fees","1. Visit scholarships.gov.in | 2. Register and select OBC Post Matric Scholarship | 3. Fill application | 4. Upload documents | 5. Submit before state deadline | 6. State approves","Aadhaar card | OBC caste certificate | Income certificate | Previous marksheet | Admission proof | Bank passbook | Passport photo"
National Means Cum Merit Scholarship,Education,Central,Meritorious Poor Students,Scholarship for meritorious students from economically weaker sections in Class 9 to 12 worth Rs. 12000 per year,"Student in Class 9 in a government school | Cleared NMMS exam | Minimum 55% in Class 7 (50% for SC/ST) | Annual parental income below Rs. 1.5 lakh | Continue in government school","Rs. 12000 per year (Rs. 1000 per month) | From Class 9 to Class 12 | Total 4 years | Paid to student bank account | Renewed each year on passing","1. Appear in NMMS exam in Class 8 | 2. Merit list published by state | 3. Apply at scholarships.gov.in | 4. School verifies | 5. Amount credited to Aadhaar linked bank account","Aadhaar card | NMMS merit certificate | Income certificate | Bank passbook with Aadhaar seeding | School enrollment certificate | Class 7 marksheet"
PM Vidya Lakshmi Yojana,Education,Central,Students,Unified digital platform for students to access education loans from multiple banks easily launched January 2025,"Indian student | Admitted to recognized institution | Studying UG PG professional course | No income limit for loan | Applicable for India and abroad","Education loans Rs. 50000 to Rs. 1.5 crore | Single application to multiple banks | Subsidized interest for EWS | No collateral for loans up to Rs. 7.5 lakh | Repayment after course","1. Visit vidyalakshmi.co.in | 2. Register with Aadhaar | 3. Fill CELAF form once | 4. Apply to multiple banks simultaneously | 5. Bank processes within 15 days","Aadhaar card | PAN card | Admission letter | Fee structure | Academic certificates | Income certificate of parents | Bank account details"
INSPIRE Scholarship for Higher Education,Education,Central,Science Students,Scholarship attracting talented students into natural and basic sciences research careers worth Rs. 80000 per year,"Top 1% in Class 12 from any board | Pursuing BSc MSc in natural sciences | Age below 22 years | Not availing other scholarship | Admitted to recognized college","Rs. 80000 per year (Rs. 5000 per month plus Rs. 20000 annual mentorship) | For 5 years of BSc and MSc | Mentorship by senior scientists | Summer research attachment | Total Rs. 4 lakh","1. Visit online.dst.gov.in | 2. Register and fill application | 3. Upload Class 12 certificate showing top 1% rank | 4. Upload admission proof | 5. Institution forwards | 6. DST approves","Aadhaar card | Class 12 marksheet showing rank | Admission proof | Institution letter | Bank passbook | Passport photo"
PM Scholarship for Central Armed Police Forces,Education,Central,Children of Armed Forces,Scholarship for wards of CAPF ex-servicemen for professional courses worth Rs. 3000-3500 per month,"Ward of CAPF or ex-servicemen or coast guard | First year of recognized professional degree or diploma | Minimum 60% in Class 12 | Not availing other scholarship | Annual family income below Rs. 6 lakh","Rs. 3000 per month for boys | Rs. 3500 per month for girls | For duration of professional course up to 5 years | Paid to student bank account","1. Visit ksb.gov.in | 2. Register with service number of parent | 3. Fill online application | 4. Upload documents | 5. Unit/record office verifies | 6. Scholarship sanctioned","Aadhaar card | Service certificate of parent | Class 12 marksheet | Admission proof | Bank passbook | PPO for ex-servicemen | Passport photo"
PM YASASVI Scholarship,Education,Central,OBC EBC DNT Students,Scholarship for OBC EBC and DNT students in Class 9 and 11 based on national entrance test worth Rs. 75000-125000 per year,"OBC EBC or DNT student | Family income below Rs. 2.5 lakh | Studying in Class 9 or Class 11 | Cleared YASASVI entrance test by NTA | Not availing other scholarship","Rs. 75000 per year for Class 9 to 10 | Rs. 125000 per year for Class 11 to 12 | Paid to student bank account | Renewed on passing to next class","1. Appear in YASASVI test held by NTA | 2. Merit list published | 3. Apply at scholarships.gov.in | 4. Submit documents | 5. Scholarship sanctioned","Aadhaar card | Community certificate | Income certificate | Previous marksheet | Bank passbook"
Saksham Scholarship for Differently Abled,Education,Central,Differently Abled Students,Scholarship for differently abled students in AICTE approved technical institutions worth Rs. 30000 per year for degree and Rs. 10000 for diploma,"Differently abled student | Minimum 40% disability | Admitted to AICTE approved technical institution | Family income below Rs. 8 lakh | Passed previous year exam","Rs. 30000 per year for degree students | Rs. 10000 per year for diploma students | For 4 years | Paid directly to bank account | Renewable every year","1. Apply at aicte-india.org | 2. Register with Aadhaar | 3. Upload disability certificate | 4. Institution verifies | 5. Scholarship sanctioned","Aadhaar card | Disability certificate from government hospital | Admission proof | Income certificate | Bank passbook | Marksheets"
One Nation One Subscription,Education,Central,Students and Researchers,Nationwide free access to 13000 plus international academic journals and research publications launched January 2025,"Students in recognized institutions | Researchers in government institutions | Faculty members | Access through institutional login","Free access to 13000 plus international journals | Covers scientific social science humanities journals | Access through institution login | Remote access available | Saves crores on journal subscriptions","1. Institution registers with portal | 2. Students get login from institution | 3. Access journals through institutional login | 4. Remote access available","Institutional ID and email | Aadhaar or student ID for individual access"
Pradhan Mantri Awas Yojana Gramin,Housing,Central,Rural Poor,Rural housing scheme providing pucca houses with toilet and basic amenities to homeless families,"Homeless or living in kutcha house | In SECC 2011 list | SC/ST minorities disabled given priority | Not own pucca house | Annual income below Rs. 3 lakh","Rs. 1.2 lakh in plain areas Rs. 1.3 lakh in hilly areas | Rs. 12000 for toilet | Rs. 18000 for MGNREGS labour | Direct transfer in installments","1. Beneficiary selected from SECC 2011 data by Gram Sabha | 2. Register at Gram Panchayat | 3. Submit documents | 4. Verification by block office | 5. Amount released in 3-4 installments","Aadhaar card | Bank passbook | BPL/SECC card | Caste certificate | Land ownership proof | Mobile number linked to Aadhaar"
Pradhan Mantri Awas Yojana Urban CLSS EWS LIG,Housing,Central,Urban Poor EWS LIG,Credit linked subsidy for economically weaker section and low income group home buyers with 6.5% interest subsidy,"EWS income up to Rs. 3 lakh | LIG income Rs. 3-6 lakh | Not own pucca house | First time home buyer | Applying for home loan","EWS/LIG interest subsidy 6.5% on loan up to Rs. 6 lakh | Subsidy credited upfront reducing EMI | Saves up to Rs. 2.67 lakh | Reduced monthly EMI","1. Apply at bank or housing finance company | 2. Bank verifies eligibility | 3. Loan sanctioned | 4. Bank sends claim to NHB/HUDCO | 5. Subsidy credited within 3-4 months","Aadhaar card | Income proof | Bank statements 6 months | Property documents | Self declaration of no pucca house | Caste certificate for EWS"
Pradhan Mantri Awas Yojana Urban CLSS MIG,Housing,Central,Middle Income Group,Credit linked subsidy for middle income group home buyers with 3-4% interest subsidy on home loans,"MIG-1 household income Rs. 6-12 lakh | MIG-2 household income Rs. 12-18 lakh | Not own pucca house | First time home buyer","MIG-1 interest subsidy 4% on loan up to Rs. 9 lakh | MIG-2 interest subsidy 3% on loan up to Rs. 12 lakh | Saves Rs. 2.35 lakh to Rs. 2.67 lakh | Reduced EMI","1. Apply at bank or housing finance company | 2. Bank checks PMAY eligibility | 3. Loan sanctioned | 4. Subsidy of Rs. 2-2.67 lakh credited to loan | 5. Lower EMI automatically","Aadhaar card | PAN card | Income proof | Bank statements | Property documents | Self declaration of no pucca house"
PM SVANidhi Street Vendor Scheme,Entrepreneurship,Central,Street Vendors,Working capital loans for street vendors starting Rs. 10000 increasing to Rs. 50000 with digital transaction incentives,"Street vendor with vending certificate | Conducting business before March 24 2020 | Urban area street vendor","Rs. 10000 first loan | Rs. 20000 second loan on timely repayment | Rs. 50000 third loan | 7% interest subsidy | UPI credit card Rs. 30000 limit | Cashback on digital transactions","1. Visit pmsvanidhi.mohua.gov.in | 2. Register | 3. Town vending committee recommends | 4. Bank sanctions | 5. Loan disbursed | 6. Use digital transactions for cashback","Aadhaar card | Vending certificate or ULB letter | Bank passbook | Mobile number"
PM Mudra Yojana,Entrepreneurship,Central,Small Business Owners,Collateral-free loans for small and micro businesses ranging from Rs. 50000 to Rs. 10 lakh under Shishu Kishor and Tarun categories,"Indian citizen | Age 18 to 65 | Own small business or planning to start | Non-farm income generating activity | No default with any bank | Manufacturing trading or services","Shishu loan up to Rs. 50000 | Kishor loan Rs. 50001 to Rs. 5 lakh | Tarun loan Rs. 5 lakh to Rs. 10 lakh | No collateral required | Mudra card for working capital","1. Prepare business plan | 2. Visit nearest bank NBFC or MFI | 3. Fill Mudra loan application | 4. Submit documents | 5. Bank sanctions | 6. Mudra card issued within 7-10 days","Aadhaar card | PAN card | Passport photo | Business address proof | Bank statements 6 months | Quotation for machinery | Caste certificate if applicable"
Startup India Seed Fund Scheme,Entrepreneurship,Central,Startups,Financial assistance for DPIIT recognized startups for proof of concept and market entry through empaneled incubators,"DPIIT recognized startup | Incorporated not more than 2 years ago | Not received more than Rs. 10 lakh funding | Working on innovative product or service","Grants up to Rs. 20 lakh for proof of concept | Investment up to Rs. 50 lakh for market entry | Through empaneled incubators | Equity or convertible debentures","1. Visit startupindia.gov.in | 2. Register and get DPIIT recognition | 3. Apply to empaneled incubators | 4. Present business plan | 5. Incubator evaluates | 6. Funds disbursed","DPIIT recognition certificate | Incorporation certificate | Business plan | Pitch deck | Bank account | PAN card | Aadhaar of founders"
Stand Up India Scheme,Entrepreneurship,Central,SC/ST and Women Entrepreneurs,Loans Rs. 10 lakh to Rs. 1 crore for SC ST and women borrowers to set up new greenfield enterprises without collateral,"SC or ST borrower or woman borrower | Age above 18 | New greenfield enterprise | No default with any bank","Loans Rs. 10 lakh to Rs. 1 crore | Covers 75% of project cost | Repayment up to 7 years | Moratorium up to 18 months | Rupay debit card issued","1. Visit standupmitra.in | 2. Register and fill application | 3. Select nearest bank branch | 4. Submit documents | 5. Loan sanctioned after verification","Aadhaar card | PAN card | Caste certificate for SC/ST | Business plan | Project report | Bank statements | Address proof | Passport photos"
Ayushman Bharat PM-JAY,Health,Central,Poor and Vulnerable Families,Health insurance providing Rs. 5 lakh per family per year covering 1929 procedures at empaneled hospitals cashlessly,"Families listed in SECC 2011 | Deprived rural families | Occupational category urban workers | No restriction on family size or age | Pre-existing conditions covered from day 1","Rs. 5 lakh health cover per family per year | Covers 1929 treatment packages | Cashless treatment | Pre and post hospitalization expenses | All pre-existing diseases covered from day 1","1. Check eligibility at pmjay.gov.in or call 14555 | 2. Visit nearest empaneled hospital | 3. Show Aadhaar and ration card | 4. Hospital verifies online | 5. Treatment is cashless","Aadhaar card | Ration card | Mobile number | SECC identification proof | Family ID if issued by state"
Ayushman Bharat Vaya Vandana Yojana,Health,Central,Senior Citizens,Healthcare security for all senior citizens above 70 years regardless of income launched October 2024 with Rs. 5 lakh coverage,"Indian citizen above 70 years | No income criteria | Regardless of SECC list | Covers both new and existing PM-JAY beneficiaries | All elderly covered","Rs. 5 lakh additional health cover per year | Covers all pre-existing diseases | Cashless treatment at empaneled hospitals | 70 plus Vaya Vandana card issued","1. Visit pmjay.gov.in or call 14555 | 2. Register as senior citizen | 3. Aadhaar verified | 4. Vaya Vandana card issued | 5. Use at any empaneled hospital","Aadhaar card | Age proof | Bank account | Mobile number | Recent passport photo"
Janani Suraksha Yojana,Health,Central,Pregnant Women,Safe motherhood scheme providing cash incentive Rs. 1400 rural and Rs. 1000 urban for institutional delivery to poor pregnant women,"Pregnant woman from BPL family | SC and ST women | Age above 19 years | Should deliver in government or accredited private hospital","Rs. 1400 in rural areas Rs. 1000 in urban areas for institutional delivery | Additional Rs. 300 to ASHA | Free ANC checkups | Free delivery | Free transport","1. Register at nearest government health centre or Anganwadi | 2. Get MCH card | 3. Attend 4 ANC checkups | 4. Deliver at government hospital | 5. Cash transferred after delivery","Aadhaar card | BPL card | MCH card | Bank passbook | Mobile number | ASHA worker coordinates"
PM Jan Aushadhi Pariyojana,Health,Central,All Citizens,Generic medicines scheme providing quality medicines at 50-90% lower price through Jan Aushadhi Kendras across India,"Any Indian citizen | Purchase at nearest Jan Aushadhi Kendra | No registration needed | All age groups | No income criteria","Quality generic medicines at 50-90% less price | 2000 plus medicines available | Quality tested at NABL labs | Same efficacy as branded medicines | Available at 10000 plus kendras","1. Visit nearest Pradhan Mantri Bharatiya Jan Aushadhi Kendra | 2. Show doctor prescription | 3. Get generic medicines at low cost | 4. No registration required","Doctor prescription | Aadhaar not mandatory | Just visit and buy"
PM Suraksha Bima Yojana,Insurance,Central,All Citizens,Accident insurance scheme providing Rs. 2 lakh coverage for accidental death or disability at just Rs. 20 per year,"Age 18 to 70 years | Should have savings bank account | Aadhaar linked to bank account","Rs. 2 lakh for accidental death or permanent total disability | Rs. 1 lakh for permanent partial disability | Premium only Rs. 20 per year | Auto-debited annually","1. Visit your bank or net banking | 2. Fill PMSBY enrollment form | 3. Give auto-debit consent | 4. Premium of Rs. 20 auto-debited annually | 5. Policy document issued","Aadhaar card | Bank account with Aadhaar seeding | Nominee details | Mobile number"
PM Jeevan Jyoti Bima Yojana,Insurance,Central,All Citizens,Life insurance scheme providing Rs. 2 lakh coverage on death due to any reason at just Rs. 436 per year,"Age 18 to 50 years | Should have savings bank account | Aadhaar linked to bank account | Auto-debit consent required","Rs. 2 lakh life cover | Premium only Rs. 436 per year | Auto-debited | Nominee gets Rs. 2 lakh on death for any reason including natural death","1. Visit your bank | 2. Fill PMJJBY enrollment form | 3. Give auto-debit consent | 4. Premium auto-debited on 1 June every year | 5. Policy certificate issued","Aadhaar card | Bank account with Aadhaar seeding | Nominee details | Mobile number"
Atal Pension Yojana,Pension,Central,Unorganized Sector Workers,Guaranteed pension scheme for unorganized sector workers providing Rs. 1000 to Rs. 5000 monthly pension after age 60,"Age 18 to 40 years | Indian citizen | Should have bank account | Not income tax payer | Not covered under EPF/EPS or other statutory scheme","Fixed monthly pension Rs. 1000 to Rs. 5000 after age 60 | Government co-contributes 50% or Rs. 1000 per year whichever lower for 5 years | Spouse continues pension after death","1. Visit nearest bank or post office | 2. Fill APY registration form | 3. Provide bank account details | 4. Select pension amount | 5. Auto-debit mandate setup | 6. PRAN issued","Aadhaar card | Bank account passbook | Mobile number | Age proof"
NPS Vatsalya Yojana,Pension,Central,Children,National Pension System for minors allowing parents to save for child's future pension from childhood introduced September 2024,"Minor below 18 years | Parent or guardian as subscriber | Any Indian citizen | Converted to regular NPS at 18","Long-term pension corpus from childhood | Minimum contribution Rs. 1000 per year | Tax benefits for parent | Converted to full NPS at 18 | Early corpus building advantage","1. Visit nearest bank or NPS point of presence | 2. Fill NPS Vatsalya form | 3. Provide minor's Aadhaar and birth certificate | 4. Account opened | 5. PRAN issued","Aadhaar of minor | Birth certificate | Aadhaar of parent/guardian | Bank account | PAN of parent"
National Social Assistance Programme,Pension,Central,Elderly Widows Disabled,Monthly pension for elderly widows and disabled persons from BPL households covering Indira Gandhi National Pension schemes,"Elderly above 60 years from BPL household | Widows above 40 years | Disabled with 80% disability | Below poverty line certificate","IGNOAPS Rs. 200 to Rs. 500 per month | Indira Gandhi Widow Pension Rs. 300 per month | Indira Gandhi Disability Pension Rs. 300 per month | States add top-up","1. Apply at Gram Panchayat or Ward office | 2. Fill application | 3. Submit BPL and age or disability certificate | 4. Block office verifies | 5. Monthly pension to bank","Aadhaar card | BPL card | Age proof | Widow certificate | Disability certificate | Bank passbook"
PM Jan Dhan Yojana,Banking,Central,All Citizens,Financial inclusion scheme for zero balance bank account with free RuPay debit card and Rs. 2 lakh accident insurance,"Any Indian citizen above 10 years | No minimum balance required | Can be opened at any bank or post office","Zero balance savings account | Free RuPay debit card | Overdraft up to Rs. 10000 after 6 months | Rs. 2 lakh accident insurance | Rs. 30000 life insurance","1. Visit nearest bank or post office | 2. Fill Jan Dhan account opening form | 3. Submit KYC documents | 4. Account opened same day | 5. RuPay card issued within 10 days","Aadhaar card (sufficient for eKYC) | OR Voter ID/Passport/Driving License/NREGA card | Passport size photo"
PM Kisan Vikas Patra,Banking,Central,Investors,Small savings scheme where investment doubles in 115 months available at post offices and authorized banks,"Any Indian citizen | Individual or joint account | No income criteria | Minor account with guardian | NRI not eligible","Investment doubles in 115 months (9 years 7 months) | Interest rate 7.5% per annum | No TDS | Premature withdrawal after lock-in | Can be collateral for loans","1. Visit nearest post office or bank | 2. Fill KVP application | 3. Invest minimum Rs. 1000 | 4. KVP certificate issued | 5. Maturity amount doubled","Aadhaar card | PAN card | Passport photo | Investment amount"
PM Garib Kalyan Anna Yojana,Food Security,Central,Poor Families,Free food grain scheme providing 5 kg grain per person per month completely free to 80 crore NFSA beneficiaries,"NFSA beneficiaries | Priority Household card holders | Antyodaya Anna Yojana card holders | No income criteria for existing NFSA beneficiaries","5 kg wheat or rice per person per month completely free | For entire family | Available at all ration shops | No cash payment needed","1. Already covered if in NFSA list | 2. Visit nearest ration shop | 3. Show ration card and Aadhaar | 4. Collect free grain","Ration card | Aadhaar card for biometric verification"
PM Ujjwala Yojana 2.0,Energy,Central,BPL Women,Free LPG connection including first cylinder for women from BPL households and migrants with deposit-free connections,"Woman from low income family | Age above 18 | Not have existing LPG connection | BPL PMAY-G beneficiary or migrant | Self-declaration of address accepted for migrants","Free LPG connection | First cylinder free | Free stove EMI option | Rs. 1600 financial assistance | Clean fuel replaces firewood","1. Visit nearest LPG distributor (HP/Bharat/Indane) | 2. Fill KYC form | 3. Submit BPL certificate or self-declaration | 4. Connection sanctioned | 5. Cylinder delivered","Aadhaar card | BPL card or self-declaration | Bank passbook | Passport photo"
PM Surya Ghar Free Electricity Scheme,Energy,Central,Households,Rooftop solar scheme providing up to 300 units free electricity per month launched February 2024 with subsidy up to Rs. 78000,"Residential household | Own house with suitable roof | Grid connected electricity connection | Income below Rs. 1.5 lakh preferred for maximum subsidy","Up to 300 units free electricity per month | Subsidy up to Rs. 78000 for 3 kW system | Additional income by selling surplus power | Saves Rs. 15000-20000 annually","1. Visit pmsuryaghar.gov.in | 2. Register with electricity consumer number | 3. Apply for rooftop solar | 4. DISCOM approves and installs | 5. Net metering set up | 6. Subsidy credited","Aadhaar card | Electricity bill | Bank passbook | Property ownership proof | Passport photo"
PM Kaushal Vikas Yojana,Skill Development,Central,Youth,Free skill training with Rs. 8000 reward on certification for youth in sectors like IT electronics healthcare retail and logistics,"Indian citizen | Age 15 to 45 years | School or college dropout or unemployed | Aadhaar linked mobile required","Free skill training | Rs. 8000 reward on certification | Industry recognized certification | Job placement assistance | Post placement support","1. Visit pmkvyofficial.org or nearest training centre | 2. Register | 3. Counselling and course selection | 4. Free training | 5. Assessment | 6. Certificate issued | 7. Placement support","Aadhaar card | Bank passbook | Educational certificates | Passport photo | Mobile number linked to Aadhaar"
DDU Grameen Kaushalya Yojana,Skill Development,Central,Rural Youth,Residential skill training with 75% guaranteed placement for rural youth from BPL households with post-placement support,"Rural youth | Age 15 to 35 (up to 45 for special groups) | BPL or MGNREGA household | Willing for placement | SC/ST women differently-abled given priority","Free residential training | Stipend during training | Certification | 75% placement guarantee | Post placement support 1 year | Rs. 25000 migration support","1. Contact nearest DDU-GKY project agency | 2. Register and attend counselling | 3. Residential training 3-12 months | 4. Assessment and certification | 5. Placement in formal sector","Aadhaar card | BPL/MGNREGA card | Age proof | Educational certificates | Bank passbook | Passport photo | Caste certificate"
Naan Mudhalvan Scheme,Skill Development,Tamil Nadu,Students and Youth Tamil Nadu,Comprehensive skill development for Tamil Nadu college students through industry training internships and placement with top companies launched by Tamil Nadu government,"Tamil Nadu resident | Age 18 to 30 years | Students in government and government-aided colleges | Polytechnic students","Free skill training | Industry internships | Soft skills and English training | Placement support | Government pays for training | Top company training","1. Register at naanmudhalvan.tn.gov.in | 2. Select course based on interest | 3. Attend training at college | 4. Complete internship | 5. Placement assistance | 6. Certificate issued","Aadhaar card | College admission proof | Educational certificates | Bank passbook | Passport photo | Mobile number"
Vetri Nichayam Scheme,Skill Development,Tamil Nadu,Youth Tamil Nadu,Free industry-ready skill training for Tamil Nadu youth aged 18 to 35 launched September 2025 in IT healthcare manufacturing and construction sectors,"Tamil Nadu resident | Age 18 to 35 years | Students or job seekers | No strict educational qualification | Register with Tamil Nadu Skill Development Corporation","Free skill training in various sectors | Industry-recognized certification | Job placement support | Stipend during training","1. Visit tnsdcskills.com | 2. Register online | 3. Select course | 4. Attend counselling | 5. Training begins | 6. Certification after assessment | 7. Placement assistance","Aadhaar card | Educational certificates | Bank passbook | Passport photo | Mobile number | Residence proof"
Beti Bachao Beti Padhao,Women and Child,Central,Girl Child,National programme to address declining child sex ratio and promote welfare education and empowerment of the girl child,"Girl child at birth | No income criteria | All families eligible | Focus on districts with low child sex ratio","Free birth registration | Educational support | Awareness programs | Conditional cash transfer in some states | Free health checkups","1. Register birth at hospital or gram panchayat | 2. Apply at Anganwadi or block office | 3. Enroll daughter in school | 4. Avail conditional cash transfer at milestones","Birth certificate | Aadhaar of parents | Bank account of mother | Vaccination records"
Sukanya Samriddhi Yojana,Women and Child,Central,Girl Child,High interest 8.2% saving scheme for girl child with tax benefits under Section 80C and maturity after 21 years,"Girl child below age 10 | Indian resident | Only 2 accounts per family one per girl child | Parent or guardian can open account","Interest rate 8.2% per annum | Tax exemption under Section 80C up to Rs. 1.5 lakh | Maturity after 21 years | Partial withdrawal for education after age 18 | Tax free maturity","1. Visit nearest post office or authorized bank | 2. Fill SSY account opening form | 3. Deposit minimum Rs. 250 to open | 4. Deposit Rs. 250 to Rs. 1.5 lakh per year | 5. Passbook issued","Birth certificate of girl child | Aadhaar of girl child | Aadhaar and PAN of parent | Passport photo | Address proof"
Kalaignar Magalir Urimai Scheme,Women and Child,Tamil Nadu,Women Tamil Nadu,Monthly financial assistance of Rs. 1000 for women from economically weak families in Tamil Nadu for financial independence launched by Tamil Nadu government,"Woman aged 21 years and above | Tamil Nadu resident | Annual family income below Rs. 2.5 lakh | Not government employee | Not income tax payer | Name in family card","Rs. 1000 per month direct bank transfer | Paid every month | Financial independence for women | Around 1.06 crore women enrolled","1. Visit kmut.tn.gov.in | 2. Register with Aadhaar and family card | 3. Fill online application | 4. Submit documents | 5. Verification done | 6. Monthly payment starts","Aadhaar card | Family card (ration card) | Bank passbook | Income certificate | Age proof | Mobile number"
Pudhumai Penn Scheme,Education,Tamil Nadu,Girl Students Tamil Nadu,Monthly Rs. 1000 scholarship for girl students who studied in government schools and are now in government colleges in Tamil Nadu to encourage higher education,"Girl student | Studied Class 6 to 12 in Tamil Nadu government school | Admitted to government college polytechnic in Tamil Nadu | Tamil Nadu resident","Rs. 1000 per month scholarship | From first year of college till completion | Total Rs. 36000 to Rs. 48000 | Direct bank transfer","1. Apply through college principal | 2. College submits eligible student list | 3. Verification of Class 6-12 government school study | 4. Scholarship approved | 5. Monthly amount credited","Aadhaar card | Class 6 to 12 government school certificates | College admission proof | Bank passbook | Income certificate | Passport photo"
Moovalur Ramamirtham Marriage Assistance,Women and Child,Tamil Nadu,Tamil Nadu Women,Marriage assistance of Rs. 50000 in cash gold and household items for women from poor families in Tamil Nadu,"Woman whose marriage is being performed | Father or guardian Tamil Nadu resident | Annual family income below Rs. 72000 | First marriage only | Bride above 18 groom above 21","Rs. 50000 total | Rs. 25000 cash | Rs. 15000 in gold (8 grams) | Rs. 10000 in household items | Directly to bride's bank account","1. Apply at District Social Welfare Office 3 months before marriage | 2. Fill application | 3. Submit documents | 4. Verification | 5. Assistance released before marriage","Aadhaar of bride and groom | Age proof | Income certificate | Community certificate | Ration card | Bank passbook of bride | Marriage invitation"
Tamil Nadu Cradle Baby Scheme,Women and Child,Tamil Nadu,Abandoned Girl Infants Tamil Nadu,Anonymous surrender scheme allowing parents to leave unwanted girl babies at designated cradles to prevent female infanticide in Tamil Nadu,"No eligibility criteria | Any family can leave girl baby anonymously | Cradles at government hospitals","Safe and anonymous surrender of girl baby | Baby provided medical care | Facilitated legal adoption | No questions asked | Prevents female infanticide","1. Place baby at designated cradle at government hospital | 2. No registration required | 3. Government takes care immediately | 4. Baby placed for adoption | 5. Completely anonymous","No documents required | Anonymous surrender accepted"
Sneha Deepam Scheme,Women and Child,Tamil Nadu,Destitute Women Tamil Nadu,Financial assistance and rehabilitation support for destitute women in Tamil Nadu who have no family support including widows and deserted women,"Destitute woman | Tamil Nadu resident | No income or family support | Widows deserted women unmarried mothers | Age above 18","Rs. 1000 per month financial assistance | Access to shelter homes | Vocational training | Legal aid | Counselling | Rehabilitation support","1. Apply at District Social Welfare Office | 2. Fill application with proof of destitution | 3. Social worker visits and verifies | 4. District welfare officer approves | 5. Monthly assistance starts","Aadhaar card | Proof of destitution | Income certificate nil | Residence proof | Bank passbook | Passport photo"
Tamil Nadu Chief Minister Comprehensive Health Insurance,Health,Tamil Nadu,Tamil Nadu Residents,Health insurance for Tamil Nadu residents below Rs. 1.2 lakh annual income with cashless treatment at 1000 plus hospitals covering Rs. 5 lakh per year,"Tamil Nadu resident | Annual family income below Rs. 1.2 lakh | Should have Kalaignar CM insurance card | Family is husband wife 3 dependent children","Rs. 5 lakh health coverage per family per year | Covers 1095 procedures | Cashless at government and empaneled private hospitals | Additional Rs. 15 lakh for critical illness","1. Visit nearest government hospital or CSC | 2. Fill application with income certificate | 3. Submit Aadhaar and ration card | 4. Smart health card issued | 5. Use at empaneled hospitals","Aadhaar card | Ration card | Income certificate below Rs. 1.2 lakh | Community certificate | Passport photo | Mobile number"
Nalam Kakkum Stalin Scheme,Health,Tamil Nadu,Tamil Nadu Residents,Large-scale free health initiative launched August 2025 by CM Stalin with 1250 plus health camps across Tamil Nadu for early disease detection,"Tamil Nadu resident | All citizens eligible | Special focus on rural and remote areas | Priority for elderly women children","Free health checkups | Free medicines | Specialist consultations | Early detection of diseases | 1250 plus camps across state","1. Visit nearest Nalam Kakkum Stalin health camp | 2. No registration required | 3. Show Aadhaar at camp | 4. Get free checkup | 5. Free medicines if needed","Aadhaar card | Health records if any"
Tamil Nadu Free Laptop Scheme 2025,Education,Tamil Nadu,College Students Tamil Nadu,Free laptop or tablet for students joining government arts science and polytechnic colleges with 20 lakh laptops to be distributed in 2025-26,"Student admitted to government arts science college or polytechnic in Tamil Nadu | Passed Class 10 or 12 from Tamil Nadu board | First year student","One free laptop or tablet per eligible student | Latest specifications | No income criteria | All government college students eligible | Distribution expected February-March 2026","1. Admission to government college sufficient | 2. College prepares eligible student list | 3. List sent to district | 4. Laptops distributed at college | 5. No separate application needed","Aadhaar card | College admission proof | Class 10/12 marksheet | Passport photo | Bank account details"
Tamil Nadu Free Tablet Scheme for School Students,Education,Tamil Nadu,School Students Tamil Nadu,Free tablet computers for government school students in Classes 6 to 8 to promote digital learning and bridge the digital divide,"Government school student | Studying in Class 6 7 or 8 | Tamil Nadu resident | Enrolled in Tamil Nadu government school","Free tablet with preloaded educational content | Internet connectivity | Educational apps | No income criteria","1. Enrollment in government school sufficient | 2. School headmaster prepares list | 3. Verified by education department | 4. Tablets distributed at school","School enrollment certificate | Aadhaar card | Parent consent form"
Chief Minister Breakfast Scheme,Food Security,Tamil Nadu,School Children Tamil Nadu,Free nutritious breakfast for government school students in Classes 1 to 5 before classes to improve nutrition and reduce hunger,"Students in Classes 1 to 5 in government schools | Tamil Nadu resident | All enrolled students eligible","Free breakfast every school day | Nutritious menu including rice idli pongal | Egg twice per week | Served before classes | Reduces hunger improves concentration","1. Enrollment in government school sufficient | 2. No separate application | 3. Breakfast served at school daily | 4. No cost to student or family","School enrollment proof | Aadhaar card of student"
Tamil Nadu Noon Meal Scheme,Food Security,Tamil Nadu,School Children Tamil Nadu,Free nutritious midday meal for Classes 1 to 10 in government schools to improve nutrition and encourage school attendance in Tamil Nadu,"Students in government and government-aided schools | Classes 1 to 10 | No income criteria | All enrolled students eligible","Free nutritious midday meal every school day | Rice vegetables protein | Egg twice per week | Meal prepared and served at school | Reduces absenteeism","1. Enrolled in government school automatically eligible | 2. No application required | 3. Meal served daily at school","Aadhaar card | School enrollment proof"
Tamil Nadu Illam Thedi Kalvi Scheme,Education,Tamil Nadu,Children Tamil Nadu,Home tuition programme reducing learning gap for Classes 1 to 8 through volunteer-based doorstep education in Tamil Nadu launched 2021,"Children studying Class 1 to 8 | Tamil Nadu resident | Enrolled in government or aided school | Students with learning gaps","Free home tuition by trained volunteers | Remedial education | After school hours | Covers Tamil English Maths Science | Learning gap improvement","1. School identifies students with learning gaps | 2. Volunteer contacts family | 3. Schedule set for home visits | 4. Free tutoring provided | 5. Progress monitored","Aadhaar card | School enrollment proof"
Tamil Nadu Unemployed Youth Monthly Allowance,Employment,Tamil Nadu,Unemployed Youth Tamil Nadu,Monthly unemployment allowance for educated unemployed youth registered with employment exchange for minimum 3 years in Tamil Nadu,"Tamil Nadu resident | Age 21 to 35 years | Minimum Class 8 qualification | Registered with District Employment Office for minimum 3 years | Family income below Rs. 75000 | Not employed","Rs. 1000 per month for graduates | Rs. 750 per month for diploma holders | Rs. 500 per month for others | Paid for maximum 3 years | Stops when employment found","1. Register at District Employment Office | 2. Renew registration every year | 3. After 3 years apply for allowance | 4. Submit income certificate | 5. Monthly payment to bank","Aadhaar card | Educational certificates | Employment exchange card | Income certificate | Bank passbook | Ration card | Residence proof"
CM Kakkum Karangal Scheme,Entrepreneurship,Tamil Nadu,Ex-Servicemen Tamil Nadu,Welfare scheme for ex-servicemen and families in Tamil Nadu to set up businesses with loan support subsidy and training launched August 2025 by CM Stalin,"Retired defence personnel | Tamil Nadu resident | Ex-servicemen and families | Valid discharge certificate | Planning to start enterprise","Loan support for business | Subsidy on loan | Priority in government tenders | Training and skill support | Business handholding","1. Visit Sainik Welfare Department Tamil Nadu | 2. Fill application | 3. Submit discharge certificate | 4. Business plan prepared | 5. Loan sanctioned by bank | 6. Subsidy credited","Discharge certificate | Aadhaar card | Bank passbook | Business plan | PAN card | Address proof | Passport photo"
Tamil Nadu Adi Dravidar Housing Scheme,Housing,Tamil Nadu,SC Communities Tamil Nadu,Free pucca house construction grant of Rs. 2.5 lakh for Scheduled Caste families in Tamil Nadu with free electricity water and toilet,"Scheduled Caste community member | Tamil Nadu resident | Annual income below Rs. 1 lakh | Not own pucca house | Have own land or government allotted land","Rs. 2.5 lakh grant for house construction | Paid in installments | Free toilet | Free electricity connection | Free water connection","1. Visit Adi Dravidar Welfare Department district office | 2. Fill application | 3. Submit documents | 4. Village Administrative Officer verifies | 5. District collector approves | 6. Amount released in installments","Aadhaar card | SC caste certificate | Income certificate | Land documents or patta | Bank passbook | Ration card | Passport photo"
Tamil Nadu Kalaignar Karunanidhi Housing Installment Scheme,Housing,Tamil Nadu,Low Income Families Tamil Nadu,Affordable housing for purchase of government constructed houses on easy monthly instalments for low income Tamil Nadu families,"Tamil Nadu resident | Annual family income below Rs. 3 lakh | First time home buyer | Age 21 to 55 | Not own property in Tamil Nadu","Affordable government houses | Easy monthly instalments 10-20 years | 1BHK 2BHK options | Developed layouts with infrastructure | All basic amenities","1. Apply at Tamil Nadu Housing Board district office | 2. Fill application with income proof | 3. Allotment by lottery | 4. Agreement signed | 5. Monthly instalment begins","Aadhaar card | Income certificate | Age proof | Bank passbook | Residence proof | Self-declaration of no property | Passport photo"
Tamil Nadu Old Age Pension,Pension,Tamil Nadu,Elderly Tamil Nadu,Monthly Rs. 1000 pension for elderly persons above 60 years in Tamil Nadu with no other income source paid directly to bank account,"Tamil Nadu resident | Age above 60 years | Annual income below Rs. 75000 | No other pension from any source | Registered voter in Tamil Nadu","Rs. 1000 per month pension | Paid directly to bank account | Widow pension Rs. 1000 per month | Destitute widow pension higher | Increased periodically","1. Apply at nearest government office or CSC | 2. Fill application | 3. Field verification | 4. Revenue divisional officer approves | 5. Pension starts monthly","Aadhaar card | Age proof | Income certificate | Bank passbook | Residence proof | Passport photo"
Tamil Nadu Disability Pension,Pension,Tamil Nadu,Disabled Persons Tamil Nadu,Monthly financial assistance Rs. 1000 to Rs. 1500 for persons with certified disabilities above 40% in Tamil Nadu,"Tamil Nadu resident | Minimum 40% disability certified by medical board | Annual income below Rs. 75000 | Not receiving other government disability pension | Age above 18","Rs. 1000 per month for 40-79% disability | Rs. 1500 per month for above 80% disability | Direct bank transfer","1. Apply at District Disability Rehabilitation Centre or CSC | 2. Get disability certificate from government hospital | 3. Submit application | 4. Revenue official verifies | 5. Pension sanctioned","Aadhaar card | Disability certificate from government hospital | Income certificate | Bank passbook | Residence proof | Passport photo"
Tamil Nadu Agricultural Laborers Welfare Scheme,Agriculture,Tamil Nadu,Agricultural Laborers Tamil Nadu,Social security welfare scheme for agricultural laborers in Tamil Nadu providing accident insurance death benefit and education scholarships for children,"Agricultural laborer registered with Tamil Nadu Agricultural Laborers Welfare Board | Tamil Nadu resident | Age 18 to 60","Accident insurance Rs. 1 lakh | Death benefit Rs. 25000 | Education scholarship for children up to Rs. 5000 | Marriage assistance Rs. 3000 | Medical assistance Rs. 5000","1. Register with Tamil Nadu Agricultural Laborers Welfare Board | 2. Submit work proof | 3. Pay nominal membership fee | 4. Board issues membership card | 5. Apply for benefits as needed","Aadhaar card | Proof of agricultural labor | Bank passbook | Passport photo | Caste certificate"
Tamil Nadu BC MBC Welfare Scholarship,Education,Tamil Nadu,BC MBC Students Tamil Nadu,Scholarship for Backward Class and Most Backward Class students in Tamil Nadu government colleges with fee reimbursement and maintenance allowance,"BC or MBC student in Tamil Nadu | Annual family income below Rs. 2.5 lakh | Studying in government or aided college | Tamil Nadu resident | Passed previous exam","Tuition fee reimbursement | Rs. 1000 per month maintenance allowance | Hostel allowance | Examination fee reimbursement | Annual book grant","1. Apply at college level | 2. College submits list to BC MBC Welfare Department | 3. District office verifies | 4. Scholarship sanctioned | 5. Amount credited to bank","Aadhaar card | Community certificate | Income certificate | Previous marksheet | Admission proof | Bank passbook"
Tamil Nadu SC Welfare Scholarship,Education,Tamil Nadu,SC Students Tamil Nadu,Comprehensive scholarship for Scheduled Caste students in Tamil Nadu from primary to higher education covering fees maintenance and hostel charges,"SC student in Tamil Nadu | Any income for pre-matric | Family income below threshold for post-matric | Government aided or recognized institution","Full tuition fee reimbursement | Maintenance allowance | Book grant | Hostel charges | Travel allowance","1. Apply online at scholarships.gov.in | 2. Also apply at Adi Dravidar Welfare Department | 3. College verifies | 4. District office approves | 5. Amount to bank","Aadhaar card | SC caste certificate | Income certificate | Marksheet | Admission proof | Bank passbook"
Tamil Nadu Adi Dravidar Welfare Scholarship,Education,Tamil Nadu,SC Students Tamil Nadu,Extended scholarship with coaching for competitive exams for Scheduled Caste students in Tamil Nadu at all education levels,"Scheduled Caste student in Tamil Nadu | Pre-matric income below Rs. 1 lakh | Post-matric income below Rs. 2.5 lakh | Enrolled in government aided or recognized institution","Full fee reimbursement | Maintenance allowance | Book grant | Hostel charges | Free coaching for competitive exams","1. Apply through college or school | 2. Apply online at scholarships.gov.in | 3. Adi Dravidar Welfare Department verifies | 4. Scholarship sanctioned | 5. Amount to bank","Aadhaar card | SC caste certificate | Income certificate | Marksheet | Admission proof | Bank passbook | Hostel certificate"
Tamil Nadu Chief Minister Fellowship Programme,Education,Tamil Nadu,Postgraduate Students Tamil Nadu,Monthly stipend of Rs. 65000 for talented Tamil Nadu students pursuing postgraduate studies in premier institutions like IITs IIMs NITs,"Tamil Nadu student | Pursuing PG or research | Admitted to premier institution IITs IIMs NITs central universities | Tamil Nadu resident | Merit based selection","Rs. 65000 per month stipend | For duration of PG or research | Career mentoring | Networking opportunities","1. Apply when announcement made at tn.gov.in | 2. Submit merit certificates | 3. Admission proof in premier institution | 4. Selection committee evaluates | 5. Stipend credited","Aadhaar card | Admission letter from premier institution | Marksheets | Tamil Nadu residence proof | Bank passbook"
Tamil Nadu TNPDS Smart Ration Card,Food Security,Tamil Nadu,Tamil Nadu Residents,Smart card based public distribution providing free rice and subsidized commodities to eligible Tamil Nadu families through biometric verification,"Tamil Nadu resident | Family income below threshold | Not government employee above Grade III | Not 4-wheeler owner | Not income tax payer","5 kg free rice per person per month | Sugar at subsidized rate | Kerosene | Smart card biometric verification | Mobile app for PDS services","1. Apply online at tnpds.gov.in | 2. Fill application with family details | 3. Revenue inspector visits | 4. Smart card issued within 30 days | 5. Collect from ration shop","Aadhaar card of all members | Income certificate | Residence proof | Surrender certificate if existing ration card | Passport photos"
MGNREGA Employment Guarantee,Employment,Central,Rural Workers,Legal guarantee of 100 days paid work per year for rural households with unemployment allowance if work not provided within 15 days,"Rural household | Adult member willing to do unskilled manual work | No income criteria | All rural households eligible | Priority to SC ST women","100 days guaranteed wage employment per year | Rs. 261 per day (central rate) | Work within 15 days of application | Unemployment allowance if work not provided | Rural infrastructure works","1. Get job card from Gram Panchayat | 2. Submit written application for work | 3. Work provided within 15 days | 4. Wages paid within 15 days | 5. Work sites within 5 km","Aadhaar card | Job card from Gram Panchayat | Bank passbook | Passport photo"
National Rural Livelihood Mission Aajeevika,Livelihood,Central,Rural Women,Poverty reduction organizing rural poor women into Self Help Groups with revolving fund bank linkage and skill training for livelihood improvement,"Rural woman | Below poverty line preferred | Age 18 to 60 | Should join or form SHG of 10-15 members | Willingness to save and attend meetings","Revolving fund Rs. 15000 per SHG | Community Investment Fund | Bank linkage for loans at 7% interest | Skill training | Rs. 1500 per month for trained members","1. Form SHG of 10-15 rural women | 2. Register at Block Mission Management Unit | 3. Open SHG bank account | 4. Maintain meetings and savings | 5. Apply for revolving fund | 6. Bank linkage after 6 months","Aadhaar of all members | SHG registration certificate | Bank account of SHG | BPL cards | Group meeting register"
Deendayal Antyodaya Yojana Urban Livelihood Mission,Livelihood,Central,Urban Poor,Urban poverty reduction through SHG formation skill training credit access and shelter for urban poor street vendors and homeless persons,"Urban poor | BPL households | Pavement dwellers homeless | Street vendors | Construction workers | Urban slum residents","SHG formation and credit linkage | Skill training Rs. 5000 per trainee | Credit linked subsidy | Shelter for homeless | Rs. 10000 SHG revolving fund","1. Contact Urban Local Body or NGO partner | 2. Form or join SHG | 3. Register with ULB | 4. Apply for skill training or credit | 5. Support provided","Aadhaar card | Residence proof | Bank passbook | Income certificate | Passport photo"
E Shram Portal for Unorganized Workers,Employment,Central,Unorganized Workers,National database for unorganized sector workers providing e-Shram card with UAN and Rs. 2 lakh accident insurance plus access to all government schemes,"Unorganized sector worker | Age 16 to 59 years | Not member of EPFO or ESIC | Working in agriculture construction domestic work street vending","E Shram card (UAN) | Rs. 2 lakh accident insurance | Access to all government schemes | Priority in PM-JAY | Identity for unorganized workers","1. Visit eshram.gov.in | 2. Register with Aadhaar linked mobile | 3. Fill occupation details | 4. E Shram card issued instantly | 5. UAN number generated","Aadhaar card with linked mobile | Bank account details | Occupation details"
National Apprenticeship Promotion Scheme,Employment,Central,Youth,Apprenticeship training with government paying 25% of stipend in industries with on-the-job training and formal certification,"Youth who completed Class 5 and above | Age 14 to 21 (up to 30 for some categories) | Enrolled through NAPS portal | ITI pass graduates diploma holders","Stipend support 25% paid by government | Basic training cost reimbursed | On-the-job training | Certificate after completion | Employment probability high","1. Visit apprenticeshipindia.org | 2. Register as apprentice | 3. Select establishment and trade | 4. Attend basic training | 5. On-the-job training | 6. Certificate after completion","Aadhaar card | Educational certificates | ITI certificate if applicable | Passport photo | Bank account"
PM Rozgar Protsahan Yojana,Employment,Central,New Employees and Employers,Government pays employer EPF contribution for new employees with salary below Rs. 15000 to incentivize formal employment generation,"New employee with salary below Rs. 15000 per month | New to EPFO | Employer registered with EPFO | Employee joined after April 2016","Government pays 8.33% employer EPF contribution for 3 years | Reduces employment cost for employer | Benefits 1.21 crore workers","1. Employer registers employee on EPFO portal | 2. Employee UAN generated | 3. Government automatically pays contribution | 4. No separate application by employee | 5. Benefits automatic","Aadhaar card linked to UAN | Bank account | PAN card"
Jal Jeevan Mission Rural,Water,Central,Rural Households,Scheme to provide safe piped drinking water functional tap connection to every rural household extended to 2028 covering 15 crore households,"Rural household | No existing functional tap water connection | Applied through gram panchayat | Priority to SC ST and poor households","Functional household tap connection | Safe drinking water 55 liters per person per day | Free connection for BPL households | Water quality testing","1. Gram Panchayat prepares village action plan | 2. Beneficiary list prepared | 3. Pipes laid | 4. Connection provided | 5. No individual application needed","Aadhaar card | Ration card | Land/house proof"
National Food Security Act,Food Security,Central,Poor Families,Legal right to subsidized food grains under NFSA covering 81 crore people with 5 kg grain per month at very low prices,"Priority Household beneficiary | Antyodaya Anna Yojana beneficiary | Listed in state NFSA list | Around 67% of population covered","5 kg grain per person per month at Rs. 2 per kg rice Rs. 1 per kg wheat | Free under PMGKAY | Antyodaya gets 35 kg per family","1. Already covered if name in NFSA list | 2. Apply at ration office with documents | 3. Field verification | 4. Ration card issued | 5. Collect from ration shop","Aadhaar card | Income certificate | Residence proof | Passport photos"
Digital India Scheme,Digital,Central,Citizens and Businesses,Umbrella scheme to transform India into digitally empowered knowledge economy with DigiLocker UMANG BHIM UPI and e-services from government,"All Indian citizens | Businesses | Government departments | No income criteria | All age groups eligible","Digital identity for all | High speed internet | Mobile governance | Digital payment infrastructure | E-services from government | Digital literacy","1. Access any digital government service | 2. Use DigiLocker for documents | 3. Use UMANG app for all government services | 4. Use BHIM UPI for payments | 5. Register on National Career Service Portal","Aadhaar card | Mobile number | Bank account for UPI"
PM Swamitva Scheme,Property Rights,Central,Rural Households,Scheme mapping rural habitation areas using drones to give property rights and legal ownership cards to rural households for first time,"Rural household | House in revenue village | Property in habitation area | Applied through gram panchayat | All states covered in phases","Legal property card for house | Proof of ownership for first time | Can use as collateral for bank loans | Reduces property disputes | Access to institutional credit","1. Drone mapping done by Survey of India | 2. Draft property card prepared | 3. Village residents verify boundary | 4. Final property card issued | 5. Property card delivered","Aadhaar card | Existing residence proof | Gram panchayat registration"
PM Garib Kalyan Rojgar Abhiyaan,Employment,Central,Migrant Workers,Employment scheme for migrant workers who returned to villages providing immediate work through MGNREGA and other works,"Migrant worker returned to village | Rural resident | Enrolled in MGNREGA job card | Willing to work","125 days of work | Multiple works like road construction water conservation tree plantation | MGNREGA wages | Focus on districts with high returnee migrants","1. Enroll in MGNREGA job card at Gram Panchayat | 2. Apply for work | 3. Work allocated within 5 km | 4. Payment to bank account","Job card | Aadhaar card | Bank passbook"
PM TB Mukt Bharat Abhiyaan,Health,Central,TB Patients,Programme to eliminate tuberculosis from India by 2025 providing free diagnosis treatment and Rs. 500 per month nutritional support to all TB patients,"Any person suspected or confirmed to have tuberculosis | All age groups | No income criteria | All citizens eligible","Free TB diagnosis | Free medicines for complete 6 month course | Rs. 500 per month nutritional support | Mobile based treatment support | Counselling","1. Visit nearest government health facility with symptoms | 2. Free sputum test | 3. If confirmed medicines free | 4. Register on Nikshay portal | 5. Rs. 500 per month nutrition support starts","Aadhaar card | Mobile number for Nikshay | Bank account for nutrition support"
Integrated Child Development Scheme ICDS,Women and Child,Central,Children Under 6 and Mothers,Comprehensive early childhood care nutrition health and preschool education for children under 6 pregnant women and lactating mothers through Anganwadi centres,"Children aged 0 to 6 years | Pregnant women | Lactating mothers | Adolescent girls | Residing in Anganwadi service area","Supplementary nutrition | Immunization | Health checkup | Referral services | Preschool education | Nutrition and health education | Iron folate supplements","1. Visit nearest Anganwadi Centre | 2. Register with Anganwadi worker | 3. No formal application | 4. Services provided at centre | 5. Home visits by worker","Aadhaar card of mother | Birth certificate of child | MCH card | Residence proof"
Anganwadi Services,Women and Child,Central,Children and Mothers,Early childhood care and development services at Anganwadi centres across India covering nutrition health preschool education and immunization,"Children 0 to 6 years | Pregnant lactating women | Adolescent girls | No income criteria | All families in Anganwadi catchment area","Supplementary nutrition 600 calories per day for children | Immunization under NHM | Growth monitoring | Preschool education | Health checkup | Nutrition counselling","1. Visit nearest Anganwadi Centre | 2. No registration needed | 3. Services available to all eligible in area | 4. Anganwadi worker visits homes for outreach","Aadhaar card | Birth certificate of child | MCH card"
Tamil Nadu Unorganized Workers Social Security Scheme,Social Security,Tamil Nadu,Unorganized Workers Tamil Nadu,Social security for unorganized sector workers in Tamil Nadu registered with welfare board providing accident insurance death benefit and education support,"Unorganized sector worker in Tamil Nadu | Registered with Tamil Nadu Unorganized Workers Welfare Board | Age 18 to 60 | Tamil Nadu resident | Paying nominal contribution","Accident insurance Rs. 1 lakh | Death benefit Rs. 25000 | Education scholarship for 2 children Rs. 5000 per year | Marriage assistance Rs. 3000 | Medical assistance Rs. 5000","1. Register with Tamil Nadu Unorganized Workers Welfare Board | 2. Submit occupation proof | 3. Pay Rs. 100 annual contribution | 4. Board issues membership card | 5. Apply for benefits as needed","Aadhaar card | Occupation proof | Bank passbook | Passport photo | Nomination form | Residence proof"
Tamil Nadu Weavers Welfare Scheme,Livelihood,Tamil Nadu,Weavers Tamil Nadu,Welfare scheme for handloom weavers in Tamil Nadu providing accident insurance health coverage marketing support and Rs. 2000 annual ex-gratia,"Registered handloom weaver in Tamil Nadu | Engaged in handloom weaving | Member of weavers cooperative society preferred","Accident insurance Rs. 2 lakh | Health insurance | Thrift fund | Marketing support through Co-optex | Skill upgradation | Tool kit assistance | Rs. 2000 annual ex-gratia","1. Register with Handloom Weavers Cooperative Society | 2. Enroll with Tamil Nadu Handloom Development Corporation | 3. Apply for benefits | 4. District textile office verifies | 5. Benefits sanctioned","Aadhaar card | Weaver identity card | Bank passbook | Cooperative membership | Passport photo"
Tamil Nadu Chief Minister Solar Green House Scheme,Housing,Tamil Nadu,Fishermen Tamil Nadu,Free solar-powered pucca housing for fishermen communities in Tamil Nadu coastal areas with toilet water connection and solar electricity,"Fishermen family in Tamil Nadu | Living in coastal area | Homeless or kutcha house | Registered in fishing cooperative","Free pucca house in coastal area | Solar panel for electricity | Toilet | Water connection | Community hall | House in woman's name","1. Fisheries Department prepares beneficiary list | 2. Cooperative membership verified | 3. No individual application | 4. Houses constructed by government | 5. Keys handed to beneficiary","Aadhaar card | Fisherman identity card | Fishing cooperative membership | Bank passbook"
National Bamboo Mission,Agriculture,Central,Farmers Forest Communities,Scheme to develop bamboo as alternate crop for farmers and forest communities with Rs. 120 per plant subsidy and market linkage support,"Farmer with suitable land | Forest dwelling communities | Bamboo growers | Applied through state agriculture or forest department","Subsidy for bamboo plantation | Material support | Rs. 120 per plant subsidy | Market linkage | Processing unit support | Training","1. Apply at district agriculture or forest department | 2. Land suitability checked | 3. Subsidy sanctioned | 4. Planting material provided | 5. Maintenance support 3 years","Aadhaar card | Land records | Bank passbook | Passport photo"
National Livestock Mission,Agriculture,Central,Livestock Farmers,Scheme promoting cattle goat poultry piggery and fisheries for rural income with subsidy on livestock purchase shed construction and insurance,"Farmers engaged in livestock rearing | Individual or group | SC ST women preferred for higher subsidy | Applied through state animal husbandry department","Subsidy 25-50% on livestock purchase | Shed construction support | Feed support | Veterinary services | Insurance for animals | Training | Breed improvement","1. Apply at District Animal Husbandry Department | 2. Fill application with livestock details | 3. Verification | 4. Subsidy sanctioned | 5. Animal purchase and subsidy credit","Aadhaar card | Land or livestock rearing proof | Bank passbook | Caste certificate | Passport photo"
Pradhan Mantri Gramin Digital Saksharta Abhiyaan,Digital Literacy,Central,Rural Households,Free 200-hour digital literacy training for rural households to make one member digitally literate covering computer internet and digital payments,"One non-literate member from each rural household | Priority to SC ST women | BPL households | Age 14 to 60 | Should not already be digitally literate","Free digital literacy training | Certificate on completion | Training in computer internet UPI digital payments | 3 months course | Employment opportunity after certification","1. Visit nearest CSC or training centre | 2. Register with Aadhaar | 3. Attend training sessions | 4. Clear assessment | 5. Certificate issued","Aadhaar card | Bank passbook | Passport photo | Mobile number"
Rashtriya Krishi Vikas Yojana,Agriculture,Central,Farmers,Scheme incentivizing states to increase public investment in agriculture for 4% annual growth including seeds irrigation mechanization and post-harvest management,"Farmers through state governments | Agriculture research institutions | Farmer cooperatives","Funding for agriculture infrastructure | Seed banks | Irrigation | Soil health management | Agricultural mechanization | Post-harvest management","1. State agriculture department applies for funding | 2. Project proposal submitted | 3. Ministry approves | 4. Funds released | 5. State implements with farmers","Applied by state government on behalf of farmers"
PM Annadata Aay Sanrakshan Abhiyan PM-AASHA,Agriculture,Central,Farmers,Umbrella scheme ensuring remunerative prices for farmers through MSP procurement price deficiency payment and private procurement support,"Farmer growing notified crops | Registered with state government | Willing to sell to government procurement agency","MSP assured for 22 crops | Price deficiency payment if market below MSP | Private procurement at MSP with government guarantee","1. Register with state agriculture department | 2. Enroll with nearest procurement agency | 3. Bring crop to procurement centre | 4. Crop weighed and MSP paid | 5. Payment in 3 days","Aadhaar card | Land records | Bank passbook | Mobile number | Crop insurance details"
Tamil Nadu Chief Minister Innuyir Kaakkum Scheme,Health,Tamil Nadu,Tamil Nadu Poor Residents,Free life-saving treatment up to Rs. 25 lakh for Tamil Nadu residents facing critical illnesses where treatment cost exceeds family capacity,"Tamil Nadu resident | Critical illness requiring expensive treatment | Annual family income below threshold | Referred by government hospital","Treatment cost covered beyond insurance limit | Up to Rs. 25 lakh | Covers heart surgery cancer organ transplant neurological surgery | Cashless at empaneled hospitals","1. Patient at government hospital | 2. Doctor certifies critical condition | 3. Hospital applies to district collector | 4. Emergency fund sanctioned | 5. Treatment arranged","Aadhaar card | Income certificate | Medical records | Doctor's referral | Bank passbook | Ration card"
Tamil Nadu Varumun Kappom Thittam,Agriculture,Tamil Nadu,Farmers and Rural Tamil Nadu,Prevention and immediate support for Tamil Nadu farmers facing crop loss or debt distress with ex-gratia and bank loan restructuring,"Tamil Nadu farmer | Crop loss due to natural calamity | Financial distress | No upper income limit for crisis support","Immediate ex-gratia for crop loss Rs. 5000 to Rs. 20000 | Compensation for natural calamity | Counselling | Debt relief | Bank loan restructuring","1. Contact agriculture office immediately after crop loss | 2. Field inspection by agricultural officer | 3. Loss certified | 4. Ex-gratia released within 7 days | 5. Bank loan restructuring arranged","Aadhaar card | Land records | Bank passbook | Crop insurance details | Revenue record of crop loss"
Tamil Nadu Perasiriyar Anbazhagan Free Bus Pass,Transport,Tamil Nadu,Students and Women Tamil Nadu,Free bus pass for girl students women senior citizens and differently abled persons for unlimited travel in Tamil Nadu government buses,"Girl students and women | Students in government schools and colleges | Senior citizens above 60 | Differently abled persons | Tamil Nadu resident","Free travel in government buses | Valid for one year | Unlimited travel in Tamil Nadu government buses | No charge for eligible categories","1. Apply at nearest government bus stand or SETC office | 2. Fill application with eligibility proof | 3. Photo and details submitted | 4. Pass issued within 7 days | 5. Renewable every year","Aadhaar card | School or college ID for students | Age proof for senior citizens | Disability certificate | Passport photo"
Tamil Nadu Innovat Tamil Nadu Startup and Innovation Scheme,Entrepreneurship,Tamil Nadu,Startups and Innovators Tamil Nadu,Startup ecosystem support for Tamil Nadu innovators with funding mentoring incubation and market access through StartupTN,"Tamil Nadu based startup or innovator | Idea or early-stage startup | Any sector | Age 18 and above | Registered or willing to register company","Seed funding up to Rs. 50 lakh | Incubation support | Mentoring by industry experts | Market access | Networking with investors | One year incubation program","1. Apply at startuptn.in | 2. Register startup | 3. Submit pitch deck | 4. Selection committee evaluates | 5. Selected startups get incubation and funding | 6. Mentoring begins","Aadhaar card | Company registration or intent to register | Pitch deck | Business idea description | PAN card | Bank account"
Tamil Nadu Uzhavar Sandhai Farmers Market Scheme,Agriculture,Tamil Nadu,Farmers Tamil Nadu,Direct farmer to consumer market scheme in Tamil Nadu eliminating middlemen allowing farmers to sell produce directly at better prices,"Farmer registered in Tamil Nadu | Member of Uzhavar Sandhai cooperative | Cultivating vegetables fruits or other produce | Tamil Nadu resident","Direct market access | Better price without middlemen | Government managed clean market | Cold storage facility | Free stall allocation | No commission","1. Register with nearest Uzhavar Sandhai market | 2. Cooperative registration done | 3. Stall allocated | 4. Farmer brings produce daily | 5. Sells directly to consumers","Aadhaar card | Land records or lease documents | Tamil Nadu farmer registration | Bank passbook | Cooperative membership"
Tamil Nadu Nirudhan Thittam Destitute Pension,Pension,Tamil Nadu,Unemployed Destitute Tamil Nadu,Financial support of Rs. 1000 per month for destitute unemployed persons in Tamil Nadu with no income who are unable to work,"Tamil Nadu resident | Age above 18 | Destitute with no income | Unable to work due to illness or age | Not receiving other pension | Annual family income nil or below Rs. 24000","Rs. 1000 per month financial assistance | Access to government welfare schemes | Priority for housing and other benefits | Health card issued","1. Apply at Block Development Office or Taluk office | 2. Revenue inspector verifies | 3. Block officer recommends | 4. Collector approves | 5. Monthly payment to bank","Aadhaar card | Income certificate nil | Age proof | Medical certificate if ill | Bank passbook | Residence proof | Passport photo"
PM CARES for Children,Women and Child,Central,Children Orphaned by COVID,Scheme supporting children who lost both parents or surviving parent due to COVID-19 with financial support education health and stipend till age 23,"Child who lost both parents or surviving parent due to COVID-19 | Age below 18 at time of parent death | Indian citizen | Applied through District Magistrate","Monthly stipend of Rs. 4000 per month up to age 18 | Free school education | Ayushman Bharat health card | Rs. 10 lakh at age 23 | Free higher education support","1. Apply to District Magistrate | 2. Submit death certificate of parent(s) | 3. COVID cause verified | 4. Registration on PM CARES portal | 5. Stipend starts monthly | 6. Support continues till age 23","Aadhaar card of child | Death certificate of parent(s) | COVID hospital records | Age proof | Bank account of guardian | Guardian Aadhaar"
National Health Mission NHM,Health,Central,Rural and Urban Poor,Strengthening healthcare infrastructure and delivery covering primary secondary tertiary care with free medicines diagnostics and ambulance services,"All citizens especially rural and urban poor | Priority to SC ST minorities | Pregnant women and children | BPL households","Free OPD at government hospitals | Free essential medicines | Free diagnostics | National Ambulance 108 | Janani Shishu Suraksha Karyakram | Free delivery for all","1. Visit nearest government health facility | 2. No registration needed for OPD | 3. For JSSK show BPL or Aadhaar | 4. Services free at point of delivery","Aadhaar card | BPL card for priority services | MCH card for maternity"
